Cruise,CTD_Index,Station,Station_ID,Sampling_date_UTC,Sampling_time_UTC,Sample_code,Latitude,Longitude,Depth_m,ML,Temp,Sal,Tchla,Diatoms,Phaeocystis,Coccolithophores,Dinoflagellates,Cryptophytes,Pelagophytes,Prasinophytes,Chlorophytes,Synechococcus,Prochlorococcus,Chl_c3,Chl_c1c2,Chlide_a,Peri,Phorb_a,But,Fuco,Neo,Pras,Violax,Hex,Diadino,Antherax,Allox,Diato,Zea,Lutein,Bactchl_a,Chl_b,TChl_b,DVChl_a,Chl_a,TChl_a,Phytin_a,Carotenes,Bchla_Chla,Sum_Phaeo,Phorb_Phaeo,Phytin_Phaeo,DDT,FH,DDT_FH,DDT_Chla,Phaeo_Chla,Chlidea_Chla,Nitrate,Nitrate_T,Phosphate,Silica,N_P,Si_N,Si_P,N_star,Si_star,Tchla_F,POC,PON,dFe_SUN,dFe,pFe,dMn,pMn,Lco,dCo,pCo,dZn,pZn,dCd,pCd,dNi,pNi,Lcu,dCu,pCu,P,pAl,%pFe_lith,%pMn_lith,%pCo_lith,%pZn_lith,%pCd_lith,%pNi_lith,%pCu_lith,pFe_lith,pMn_lith,pCo_lith,pZn_lith,pCd_lith,pNi_lith,pCu_lith,pFe_T,pMn_T,pCo_T,pZn_T,pCd_T,pNi_T,pCu_T,Station_lbl,Zone
Winter2017,41,IO08,8,10/07/2017,22:38:00,8_Pig-1,-41.0,30.0,10,IN,18.01598,35.5858,0.2179,0.016186439,0.088597648,0.020510213,0.003714446,0.0291104,0.002860109,0.007760227,0.0,0.024260512,0.024900001,0.0128,0.0206,0.0,0.0024,0.0089,0.0163,0.0073,0.0,0.0053,0.0007,0.0254,0.0033,0,0.0068,0.0,0.0125,0.0,0.0,0.0403,0.0403,0.0249,0.193,0.2179,0.0026,0.0068,0.0,0.0115,0.773913043,0.226086957,0.0033,0.0327,0.100917431,0.017098446,0.059585492,0.0,2.288129417,2.553537737,0.222426471,2.92467363,11.48036801,1.145341848,13.14894591,-1.270694113,0.636544213,0.48,5.855909898,0.80717541,0.13,0.097560976,0.14320139780149999,0.96,0.0641357661114,16.03,14.43,2.26169807312905,0.249237553,0.013696355192150001,9.209457747,5.639129847376805,1.985703297,16.3203906885469,0.587212748,0.69,18.0243952981137,15.1167707,1.488623195,70.71597355178028,18.035174571682514,0.013820043961825958,15.049830999383417,2.6398094073402507e-05,0.005290043573483758,0.0028079592460772754,0.3458071681985,0.014112147888600001,0.00031261087095,0.0024264558078499997,1.4886231949999998e-06,0.0008634014531,0.0005061318863,0.489008566,0.078247914,2.262010684,0.016122811,5.639131336,16.32125409,18.02490143,St. 41.0°S,STZ
Winter2017,43,IO08,8,10/07/2017,22:38:00,8_Pig-3,-41.0,30.0,50,IN,18.0255,35.586,0.2616,0.02599347,0.074870422,0.033073209,0.004643006,0.038099963,0.004940372,0.009571509,0.0,0.041208051,0.029200001,0.0183,0.0266,0.0,0.003,0.0109,0.0243,0.0111,0.0,0.0067,0.0009,0.0338,0.0046,0,0.0089,0.0,0.0175,0.0,0.0003,0.0472,0.0472,0.0292,0.2324,0.2616,0.0033,0.0095,0.001290878,0.0142,0.767605634,0.232394366,0.0046,0.0449,0.102449889,0.01979346,0.061101549,0.0,2.116949455,2.411248376,0.217830882,2.88436457,11.06935964,1.196212136,13.24130233,-1.368344663,0.767415115,0.61,4.254832273,0.61258848,0.12,0.111219512,,0.98,,15.38,14.68,,0.18,,8.848474886,,1.983239578,,0.628084104,0.74,,,,,,,,,,,,,,,,,,,,,,,,,St. 41.0°S,STZ
Winter2017,44,IO08,8,10/07/2017,22:38:00,8_Pig-4,-41.0,30.0,75,IN,18.028,35.586,0.2836,0.028343637,0.080377012,0.035396639,0.00526215,0.03938473,0.004279263,0.013451195,0.0,0.044705376,0.032400001,0.0198,0.0285,0.0,0.0034,0.0145,0.0259,0.0123,0.0,0.0073,0.0012,0.0362,0.0048,0,0.0092,0.0,0.0192,0.0,0.0003,0.0588,0.0588,0.0324,0.2512,0.2836,0.0037,0.0101,0.001194268,0.0182,0.796703297,0.203296703,0.0048,0.0485,0.098969072,0.01910828,0.072452229,0.0,2.875022088,3.161616849,0.186727941,2.90297525,16.93167519,0.91819325,15.54654987,-0.112624971,0.027953162,0.55,5.137316003,0.63420925,0.11,0.157073171,0.15987862007479997,1.01,0.07418728311248,16.51,15.71,3.5635469775499597,0.156349698,0.01868555312588,9.065151273,6.998330926045476,2.033599877,20.02692961637608,0.634908908,0.65,22.80949308546184,17.72816331,1.934954524,73.76323105276866,19.824099896669917,0.011401396533106891,14.441592921349173,2.7648792397158316e-05,0.005603508669159933,0.002884174414387929,0.4494899359252,0.01834336888752,0.00040634045004,0.0031539758741199997,1.934954524e-06,0.0011222736239199999,0.00065788453816,0.609368556,0.092530652,3.563953318,0.021839529,6.998332861,20.02805189,22.81015097,St. 41.0°S,STZ
Winter2017,45,IO08,8,10/07/2017,22:38:00,8_Pig-5,-41.0,30.0,100,IN,17.9958,35.5824,0.2792,0.030068781,0.059075166,0.038151305,0.005108203,0.038107481,0.010758884,0.011717731,0.0,0.053312458,0.0317,0.021,0.0276,0.0013,0.0033,0.0116,0.0278,0.0131,0.0,0.0071,0.0013,0.0361,0.005,0,0.0089,0.0,0.0209,0.0,0.0003,0.0545,0.0545,0.0317,0.2463,0.2792,0.0029,0.0108,0.001218027,0.0145,0.8,0.2,0.005,0.0492,0.101626016,0.020300447,0.058871295,0.005278116,2.893658774,3.139472333,0.2132,2.93845547,14.72547999,0.935971131,13.78262416,-0.517541226,0.044796696,0.5,4.273742638,0.68285598,0.14,0.181463415,0.09954639501679996,1.03,0.09288339043168001,16.66,17.6,4.78008174381336,0.200478368,0.027386507456080005,14.19352022,10.927526511861016,2.144273795,,0.647613804,0.69,27.37841287274544,27.83445581,2.488138984,85.30769604849982,20.25188081092978,0.01092977286944651,12.898810826248845,2.276945669968023e-05,,0.0030898106464594135,0.5779946859832,0.02358755756832,0.00052250918664,0.00405566654392,2.488138984e-06,0.00144312061072,0.00084596725456,0.677541081,0.116470948,4.780604253,0.031442174,10.927529,,27.37925884,St. 41.0°S,STZ
Winter2017,46,IO08,8,10/07/2017,22:38:00,8_Pig-6,-41.0,30.0,150,BELOW,17.2413,35.5478,0.0331,0.005372608,0.008108469,0.005929324,0.0,0.002140356,0.001781117,0.001143339,0.004756443,0.003868345,0.0,0.0032,0.003,0.0,0.0,0.0045,0.0043,0.0022,0.0,0.0008,0.0002,0.0055,0.0008,0,0.0005,0.0,0.001,0.0004,0.0,0.0055,0.0055,0.0,0.0331,0.0331,0.0013,0.0009,0.0,0.0058,0.775862069,0.224137931,0.0008,0.0077,0.103896104,0.024169184,0.175226586,0.0,4.316361879,4.321754791,0.314338235,3.87113213,13.74874039,0.895731553,12.31518058,-0.713049886,-0.445229749,0.06,3.952266423,0.493674245,0.29,0.381463415,0.18604395920259992,0.52,0.15069771186776,20.2,22.82,1.3958430470730199,0.329599511,0.01883565128106,47.85,1.488173507686062,2.196479129,18.12812983791596,0.56463192,0.58,16.78945374326108,4.809406441,2.093313938,72.32809652773685,11.636182269213544,0.03148330527374464,15.336837472710165,0.00014066310028153727,0.006696999553424547,0.0042389501175059,0.48627682779740006,0.019844616132240003,0.00043959592698,0.00341210171894,2.093313938e-06,0.00121412208404,0.00071172673892,0.672320787,0.170542328,1.396282643,0.022247753,1.488175601,18.12934396,16.79016547,St. 41.0°S,STZ
Winter2017,35,IO07,7,10/07/2017,08:56:00,7_Pig-1,-42.99,30.0,10,IN,10.52692,34.5809,0.2757,0.009085213,0.064354065,0.001781017,0.011763465,0.010462272,0.033723303,0.087185855,0.008038819,0.049306002,0.0,0.0272,0.0296,0.0,0.0055,0.0097,0.0318,0.0172,0.0064,0.0098,0.0021,0.0694,0.0079,0,0.0024,0.0,0.0057,0.0023,0.0,0.0609,0.0609,0.0,0.2757,0.2757,0.0042,0.0059,0.0,0.0139,0.697841727,0.302158273,0.0079,0.0866,0.091224018,0.028654334,0.05041712,0.0,7.067730956,7.37,0.67,1.48,11.0,0.200814111,2.208955224,-3.652269044,-5.587730956,0.31,6.278241398,0.87203772,,,,,,,,,,,,,,,,,,,,,,,,,,,,,,,,,,,,,,,,,St. 43.0°S,SAZ
Winter2017,36,IO07,7,10/07/2017,08:56:00,7_Pig-2,-42.99,30.0,25,IN,10.5484,34.584,0.2232,0.034858763,0.032621837,0.01025991,0.012520599,0.006316457,0.021625709,0.053962434,0.023846091,0.027188185,0.0,0.0223,0.0236,0.0,0.0059,0.0079,0.0195,0.0123,0.0037,0.0076,0.0012,0.0459,0.0051,0,0.0015,0.0,0.0036,0.0019,0.0,0.0476,0.0476,0.0,0.2232,0.2232,0.0028,0.0035,0.0,0.0107,0.738317757,0.261682243,0.0051,0.0582,0.087628866,0.022849462,0.047939068,0.0,8.139902755,8.43,0.631205674,1.65,13.35539326,0.195729537,2.614044944,-1.959388025,-6.489902755,0.29,4.790625966,0.726097525,0.15,0.104390244,0.14444375852739996,0.42,0.01850810788024,13.7,14.1,2.81623225129798,0.64,0.02730171793194,34.02632779,12.848908067349038,3.513770395,22.91676516244204,0.575727361,0.59,27.19137031867292,24.17726439,0.962650962,60.75618512646117,33.02423912682472,0.007177752886620749,5.434968717258268,7.492083255880907e-06,0.0024363122419596693,0.001203681107571834,0.22362381847260002,0.00912593111976,0.00020215670202000001,0.0015691210680599998,9.62650962e-07,0.00055833755796,0.00032730132708,0.368067577,0.027634039,2.816434408,0.028870839,12.84890903,22.9173235,27.19169762,St. 43.0°S,SAZ
Winter2017,37,IO07,7,10/07/2017,08:56:00,7_Pig-3,-42.99,30.0,50,IN,10.5486,34.5832,0.2757,0.025355401,0.053843091,0.007539978,0.013226293,0.008609364,0.030289335,0.082742968,0.01478553,0.03930804,0.0,0.0279,0.0298,0.0,0.0062,0.0093,0.0282,0.0168,0.006,0.0098,0.0018,0.0649,0.0068,0,0.002,0.0,0.0048,0.0024,0.0,0.0613,0.0613,0.0,0.2757,0.2757,0.0047,0.0047,0.0,0.014,0.664285714,0.335714286,0.0068,0.0817,0.083231334,0.02466449,0.050779833,0.0,9.72753639,10.14325762,0.627659574,2.248295494,16.16044435,0.221654184,3.582030109,-0.315016801,-7.479240897,0.46,4.721287959,0.70447675,0.12,0.104390244,,0.42,,13.03,14.26,,0.682499161,,33.93538833,,3.624606528,,0.592848745,0.66,,,,,,,,,,,,,,,,,,,,,,,,,St. 43.0°S,SAZ
Winter2017,38,IO07,7,10/07/2017,08:56:00,7_Pig-4,-42.99,30.0,75,IN,10.5543,34.5838,0.26,0.030281353,0.052035746,0.004020435,0.014114616,0.008360831,0.026962979,0.071238472,0.014054591,0.038930972,0.0,0.0238,0.0277,0.0,0.0066,0.0086,0.0257,0.0166,0.0051,0.0091,0.0018,0.0588,0.0065,0,0.0019,0.0,0.0047,0.0021,0.0,0.0532,0.0532,0.0,0.26,0.26,0.0007,0.0047,0.0,0.0093,0.924731183,0.075268817,0.0065,0.0754,0.086206897,0.025,0.035769231,0.0,10.37554115,10.78923645,0.697695035,2.270735741,15.46411527,0.210463062,3.254625052,-0.787579417,-8.104805409,0.4,4.702377593,0.709881945,0.16,0.150243902,0.11904270899270003,0.43,0.01759781990052,13.57,15.43,2.8019471377572898,0.29,0.02803138802087,37.30556715,12.03204898826075,3.601799968,22.22981572123442,0.578206235,0.61,22.598228078654657,21.90149886,1.101739251,68.25330820650348,37.24546531433861,0.008256620428081273,6.020791741591229,9.156704325189524e-06,0.002874474559072593,0.0016575863154462906,0.2559340280073,0.01044448809948,0.00023136524271,0.0017958349791299998,1.101739251e-06,0.0006390087655799999,0.00037459134534,0.374976737,0.028042308,2.802178503,0.029827223,12.03205009,22.23045473,22.59860267,St. 43.0°S,SAZ
Winter2017,39,IO07,7,10/07/2017,08:56:00,7_Pig-5,-42.99,30.0,100,IN,10.6011,34.598,0.223,0.041788624,0.032321051,0.007588416,0.011522811,0.006454821,0.0206692,0.052247446,0.021433258,0.02897438,0.0,0.0197,0.0218,0.0,0.0054,0.0079,0.0187,0.0116,0.0038,0.0067,0.0011,0.0423,0.0048,0,0.0015,0.0,0.0037,0.0021,0.0,0.0443,0.0443,0.0,0.223,0.223,0.003,0.0038,0.0,0.0109,0.724770642,0.275229358,0.0048,0.0539,0.089053803,0.021524664,0.048878924,0.0,11.14596434,11.43,0.697695035,2.27,16.38251588,0.198600175,3.253570521,-0.017156224,-8.875964344,0.55,9.259775717,1.331479085,0.13,0.105365854,0.17805419102659997,0.44,0.024185346450159996,13.7,13.88,3.72214293273782,1.32190313,0.09556810715546,39.40063547,14.906450523374943,3.543441917,31.970393197466358,0.565846134,0.6,35.86408238748028,30.36226119,1.436625058,65.20899050223304,36.0253060262161,0.008104654136018116,2.3916898012646453,9.637605661327338e-06,0.002606226367961629,0.0013619360507591118,0.3337280009734,0.01361920554984,0.00030169126218,0.0023416988445399997,1.436625058e-06,0.00083324253364,0.00048845251972,0.511782192,0.037804552,3.722444624,0.097909806,14.90645196,31.97122644,35.86457084,St. 43.0°S,SAZ
Winter2017,40,IO07,7,10/07/2017,08:56:00,7_Pig-6,-42.99,30.0,150,IN,10.8823,34.6888,0.2063,0.042341771,0.028386225,0.005591082,0.010284827,0.005351469,0.017110028,0.041663669,0.026101227,0.0294697,0.0,0.0161,0.0191,0.0,0.0048,0.0072,0.0158,0.011,0.003,0.0061,0.001,0.0356,0.0042,0,0.0012,0.0,0.0038,0.0021,0.0,0.0394,0.0394,0.0,0.2063,0.2063,0.0019,0.0038,0.0,0.0091,0.791208791,0.208791209,0.0042,0.0466,0.090128755,0.020358701,0.044110519,0.0,11.09507176,11.39734081,0.79,2.450287076,14.42701368,0.214987611,3.10162921,-1.544928236,-8.644784688,,,,0.13,0.218536585,0.17675948772980005,0.45,0.01966964249048,13.61,14.2,2.1721033743684597,1.0,0.030398004431379997,41.08572488,9.762009668430325,3.424486201,21.374954009589082,0.564626517,0.55,20.65606791631084,18.71983185,1.102569674,59.16723686901124,34.7000845512166,0.010658560521575267,5.582164295831368,1.1294493520488659e-05,0.0029916849369352014,0.00181480273719481,0.2561269352702,0.01045236050952,0.00023153963154,0.0017971885686199997,1.102569674e-06,0.00063949041092,0.00037487368916,0.432886423,0.030122003,2.172334914,0.032195193,9.762010771,21.3755935,20.65644279,St. 43.0°S,SAZ
Winter2017,29,IO06,6,09/07/2017,22:44:00,6_Pig-1,-45.5,30.0,10,IN,9.49029,34.4301,0.2382,0.040322757,0.038989943,0.007717416,0.007671153,0.009498769,0.021770738,0.086529337,0.003802551,0.021897325,0.0,0.0209,0.0237,0.0,0.0036,0.0073,0.0205,0.0115,0.006,0.0115,0.0015,0.0495,0.0051,0,0.0022,0.0,0.0029,0.0017,0.0,0.0584,0.0584,0.0,0.2382,0.2382,0.0021,0.0037,0.0,0.0094,0.776595745,0.223404255,0.0051,0.061,0.083606557,0.021410579,0.039462636,0.0,12.31174367,12.58,1.02,2.48,12.33333333,0.197138315,2.431372549,-4.008256334,-9.831743666,0.45,4.223314997,0.5963729,,,,,,,,,,,,,,,,,,,,,,,,,,,,,,,,,,,,,,,,,St. 45.5°S,SAZ
Winter2017,30,IO06,6,09/07/2017,22:44:00,6_Pig-2,-45.5,30.0,25,IN,9.5641,34.444,0.2627,0.037436901,0.046257675,0.006998296,0.010426575,0.010359667,0.025296145,0.095272382,0.005679375,0.024972972,0.0,0.0238,0.027,0.0,0.0049,0.0085,0.0239,0.0149,0.0066,0.012,0.002,0.0564,0.0065,0,0.0024,0.0,0.0033,0.0018,0.0002,0.0664,0.0664,0.0,0.2627,0.2627,0.004,0.0046,0.000761325,0.0125,0.68,0.32,0.0065,0.0713,0.091164095,0.024743053,0.047582794,0.0,11.92091102,12.23387674,1.017730496,3.444002154,12.020743,0.281513557,3.384002116,-4.362776924,-8.476908866,0.47,5.156226369,0.817985795,0.09,0.113170732,0.108913609266,0.32,0.014409571101600002,15.59,20.43,1.4051260365782,0.504122563,0.021403123154600003,70.64591991,8.26177043296942,3.420534285,16.9373483622636,0.571495231,0.6,17.9059383596028,15.60595542,0.64403058,57.87064701706737,29.76073874209291,0.00962429004741889,4.675432450508716,7.795308947653136e-06,0.002205359956937302,0.0012228776569115514,0.149608303734,0.0061054098984,0.0001352464218,0.0010497698454,6.4403058e-07,0.0003735377364,0.00021897039720000002,0.258521913,0.020514981,1.405261283,0.022452893,8.261771077,16.9377219,17.90615733,St. 45.5°S,SAZ
Winter2017,31,IO06,6,09/07/2017,22:44:00,6_Pig-3,-45.5,30.0,50,IN,9.5782,34.4468,0.2176,0.046160783,0.03052322,0.008850005,0.009545507,0.0080731,0.018195896,0.063753084,0.01665352,0.015844878,0.0,0.0189,0.0216,0.0,0.0045,0.0067,0.0169,0.0105,0.0043,0.0093,0.0011,0.0421,0.0046,0,0.0019,0.0,0.0024,0.0017,0.0001,0.0502,0.0502,0.0,0.2176,0.2176,0.002,0.0032,0.000459559,0.0087,0.770114943,0.229885057,0.0046,0.0526,0.087452471,0.021139706,0.039981618,0.0,12.10312961,12.37138594,1.017730496,2.510237804,12.15585657,0.202906757,2.466505438,-4.180558335,-9.592891805,0.47,3.996390609,0.590967715,0.12,0.128780488,,0.35,,17.21,21.7,,0.27621752,,74.15298605,,3.547807297,,0.605226684,0.78,,,,,,,,,,,,,,,,,,,,,,,,,St. 45.5°S,SAZ
Winter2017,32,IO06,6,09/07/2017,22:44:00,6_Pig-4,-45.5,30.0,75,IN,9.5513,34.4399,0.2081,0.047360524,0.023737024,0.010083685,0.008280312,0.00695858,0.015720172,0.057909144,0.0272171,0.010833467,0.0,0.0174,0.0202,0.0,0.0039,0.0076,0.0145,0.0095,0.0037,0.009,0.001,0.036,0.0039,0,0.0016,0.0,0.0021,0.0017,0.0,0.0535,0.0535,0.0,0.2081,0.2081,0.0018,0.0029,0.0,0.0094,0.808510638,0.191489362,0.0039,0.0455,0.085714286,0.01874099,0.045170591,0.0,12.08878287,12.38684546,0.946808511,3.236672604,13.08273566,0.261299183,3.418508143,-3.060153301,-8.852110266,0.45,4.796929422,0.726097525,0.14,0.127804878,0.12766576672770003,0.34,0.01176800688652,17.23,22.98,1.22528033979179,,0.03750943357437,79.98399468,6.090960304675199,3.573676495,18.75863131161542,0.59272265,0.6,17.54739503956766,13.31913604,0.625324801,53.22376931851487,33.49938010857316,0.010716252563185586,2.6455060298276765,1.026643920699061e-05,0.001933410632681049,0.0012116206184949662,0.1452629512723,0.00592807911348,0.00013131820821,0.0010192794256299999,6.253248009999999e-07,0.00036268838458,0.00021261043234000002,0.272928718,0.017696086,1.225411658,0.038528713,6.09096093,18.758994,17.54760765,St. 45.5°S,SAZ
Winter2017,33,IO06,6,09/07/2017,22:44:00,6_Pig-5,-45.5,30.0,100,IN,9.6417,34.4602,0.2623,0.035907634,0.041095948,0.008730453,0.010398851,0.00987389,0.024332016,0.092984242,0.016120744,0.022856237,0.0,0.0237,0.0262,0.0,0.0049,0.0086,0.0226,0.0137,0.0063,0.0124,0.0018,0.053,0.0058,0,0.0023,0.0,0.0033,0.002,0.0,0.0708,0.0708,0.0,0.2623,0.2623,0.0038,0.0043,0.0,0.0124,0.693548387,0.306451613,0.0058,0.0667,0.086956522,0.022112085,0.047274114,0.0,11.89290631,12.13135638,0.946808511,2.702033434,12.81289326,0.222731354,2.853833065,-3.256029862,-9.190872874,0.35,8.370988531,1.250401195,0.26,0.271219512,0.09763770794169999,0.36,0.012893572232920002,17.29,,1.31793794860959,,0.05510860020777,77.15990797,7.578845627593378,3.605214909,15.238741124159821,0.610003197,,18.87400786174886,15.56265698,0.697406621,62.39572958680479,33.89602242277833,0.011111230052153776,2.0210956592464946,9.202015598330529e-06,0.0026543209853519332,0.0012563058887455427,0.1620075580583,0.00661141476708,0.00014645539041,0.0011367727922299998,6.97406621e-07,0.00040449584017999995,0.00023711825114,0.259645266,0.019504987,1.318084404,0.056245373,7.578846325,15.23914562,18.87424498,St. 45.5°S,SAZ
Winter2017,34,IO06,6,09/07/2017,22:44:00,6_Pig-6,-45.5,30.0,150,IN,9.7476,34.4861,0.1423,0.022296987,0.022789499,0.001759421,0.006152794,0.005436898,0.016264456,0.042140791,0.006435402,0.019023744,0.0,0.013,0.0126,0.0,0.0029,0.0065,0.014,0.0088,0.0031,0.0046,0.0007,0.0262,0.0033,0,0.0013,0.0,0.0023,0.0012,0.0,0.0307,0.0307,0.0,0.1423,0.1423,0.0016,0.0029,0.0,0.0081,0.802469136,0.197530864,0.0033,0.035,0.094285714,0.023190443,0.056921996,0.0,11.85930239,12.09775246,0.946808511,2.586973604,12.77740148,0.213839191,2.732309199,-3.289633782,-9.272328784,0.31,5.553344048,0.82879618,0.13,0.108292683,0.06895148502100001,0.36,0.0154539258396,16.82,22.11,2.2345435888667002,,0.0462624788701,76.43079851,9.85767623126127,3.491957823,40.561882091536596,0.569812756,0.6,30.5443202288318,23.76067145,1.24373873,80.73291943422049,43.27704050080587,0.01168715658471204,4.198185255292047,1.261695498918725e-05,0.0017784077003621408,0.0013844319031119958,0.288920506979,0.0117906431604,0.00026118513330000004,0.0020272941299,1.24373873e-06,0.0007213684634,0.00042287116820000005,0.357871992,0.027244569,2.234804774,0.048289773,9.857677475,40.56260346,30.5447431,St. 45.5°S,SAZ
Winter2017,23,IO05,5,09/07/2017,07:11:00,5_Pig-1,-48.0,30.0,10,IN,5.31092,33.8129,0.1836,0.013676926,0.039627852,0.010325207,0.004654816,0.006745581,0.013501117,0.065788646,0.020340353,0.008939497,0.0,0.0201,0.0229,0.0,0.0022,0.0078,0.0152,0.0139,0.0045,0.0101,0.0017,0.0534,0.0043,0,0.0016,0.0004,0.0018,0.0021,0.0,0.0519,0.0519,0.0,0.1836,0.1836,0.003,0.0022,0.0,0.0108,0.722222222,0.277777778,0.0047,0.0673,0.069836553,0.025599129,0.058823529,0.0,18.6345,18.92,1.51,4.49,12.52980132,0.237315011,2.973509934,-5.5255,-14.1445,0.34,6.019799734,0.823390985,,,,,,,,,,,,,,,,,,,,,,,,,,,,,,,,,,,,,,,,,St. 48.0°S,PFZ
Winter2017,24,IO05,5,09/07/2017,07:11:00,5_Pig-2,-48.0,30.0,25,IN,5.0972,33.8089,0.1792,0.029285814,0.024230168,0.013927149,0.006600461,0.005636305,0.010553345,0.047880432,0.039051162,0.00203515,0.0,0.0185,0.0214,0.0,0.0031,0.0068,0.0113,0.0119,0.0031,0.0089,0.0013,0.0408,0.0029,0,0.0013,0.0,0.0014,0.0024,0.0,0.0502,0.0502,0.0,0.1792,0.1792,0.0031,0.0017,0.0,0.0099,0.686868687,0.313131313,0.0029,0.0527,0.055028463,0.016183036,0.055245536,0.0,22.45105412,22.82914054,1.736718213,5.215452665,13.14498827,0.228455936,3.003050596,-5.33643729,-17.23560146,0.32,5.351633481,0.753123485,0.09,0.095609756,0.021865669950599992,0.24,0.010435700592559998,33.08,30.15,1.12893449327262,0.85652,0.07411645663986,321.3400216,23.71311921981082,5.357405629,30.45711743027676,0.953748803,0.93,57.45339590567948,26.93625421,0.860189178,90.136720153732,43.86478991370444,0.015998344376100045,1.8566406288837722,3.62748206519435e-06,0.0016380458591067802,0.0005090435946192676,0.1998219460494,0.008154593407440002,0.00018063972738000003,0.00140210836014,8.601891780000001e-07,0.0004989097232400001,0.00029246432052000006,0.221687616,0.018590294,1.129115133,0.075518565,23.71312008,30.45761634,57.45368837,St. 48.0°S,PFZ
Winter2017,25,IO05,5,09/07/2017,07:11:00,5_Pig-3,-48.0,30.0,50,IN,5.0895,33.8089,0.1895,0.023542694,0.037325313,0.011393532,0.004291648,0.006603682,0.014719807,0.061849227,0.023707213,0.006066886,0.0,0.0209,0.0239,0.0,0.002,0.0062,0.0159,0.0148,0.0041,0.0107,0.0016,0.0516,0.0036,0,0.0015,0.0,0.0016,0.0021,0.0,0.0508,0.0508,0.0,0.1895,0.1895,0.0027,0.0021,0.0,0.0089,0.696629213,0.303370787,0.0036,0.0664,0.054216867,0.018997361,0.046965699,0.0,22.54059272,22.91096309,1.769415808,5.276941895,12.94832057,0.230323879,2.982307422,-5.770060202,-17.26365083,0.28,4.027907885,0.639614445,0.13,0.090731707,,0.25,,33.45,30.9,,0.80408,,313.8552916,,5.397545795,,0.957204622,0.99,,19.46571243,,,,,,,,,,,,,,,,0.302004293,0.020325881,1.210151022,0.076813346,21.26187433,,36.99281701,St. 48.0°S,PFZ
Winter2017,26,IO05,5,09/07/2017,07:11:00,5_Pig-4,-48.0,30.0,75,IN,5.0893,33.8099,0.1968,0.029624713,0.033562091,0.012924338,0.006383987,0.00647162,0.014022259,0.059084138,0.029467369,0.00525948,0.0,0.0216,0.0243,0.0,0.003,0.0067,0.0149,0.016,0.0039,0.01,0.0015,0.0496,0.0034,0,0.0015,0.0,0.0016,0.0022,0.0,0.0527,0.0527,0.0,0.1968,0.1968,0.0035,0.002,0.0,0.0102,0.656862745,0.343137255,0.0034,0.0656,0.051829268,0.017276423,0.051829268,0.0,22.71346529,23.05297146,1.745704467,5.3169154,13.20554074,0.230639048,3.04571335,-5.217806185,-17.39654989,0.32,4.31156337,0.65583002,0.11,0.093658537,0.001608312650300009,0.27,0.008023978826280002,33.89,30.44,0.88716870650881,1.37218,0.061808938187429996,333.0395756,15.20438927189766,5.811174755,25.67154051064338,1.024858753,1.0,39.944019075204736,21.64288283,0.838102339,99.18068422741565,49.753373034284955,0.019834624538043678,2.162415258382483,5.512239116048306e-06,0.0018934981799631286,0.0007133802983423767,0.1946911733497,0.00794521017372,0.00017600149119,0.00136610681257,8.38102339e-07,0.00048609935662,0.00028495479526,0.196299486,0.015969189,0.887344708,0.063175045,15.20439011,25.67202661,39.94430403,St. 48.0°S,PFZ
Winter2017,27,IO05,5,09/07/2017,07:11:00,5_Pig-5,-48.0,30.0,100,IN,5.0977,33.8124,0.1917,0.024736974,0.038755729,0.008741735,0.007262087,0.006946332,0.015351462,0.061618529,0.020299677,0.007987467,0.0,0.0207,0.0238,0.0,0.0034,0.0074,0.0163,0.0178,0.0042,0.0101,0.0017,0.0503,0.004,0,0.0016,0.0,0.0017,0.0021,0.0,0.0485,0.0485,0.0,0.1917,0.1917,0.0026,0.0023,0.0,0.01,0.74,0.26,0.004,0.0681,0.058737151,0.020865936,0.052164841,0.0,22.7319695,23.08497876,1.801546392,5.307702735,12.81397962,0.229920191,2.946192648,-6.092772771,-17.42426677,0.27,8.515968001,1.13148696,0.08,0.095609756,0.11947128308719998,0.24,0.01443920627872,32.28,32.25,0.90249521860744,1.168492421,0.05535930628632,307.7475743,15.127133296431465,5.198316876,14.562300600249118,0.929808534,0.99,29.60331368669776,18.82661542,0.383568536,42.72002378241756,20.11696825061371,0.008924391216317254,1.1167670637829674,2.53563261959618e-06,0.0015276868562584878,0.00044053422230016815,0.0891029709128,0.0036362297212800005,8.054939256e-05,0.00062521671368,3.83568536e-07,0.00022246975088,0.00013041330224000002,0.208574254,0.018075436,0.902575768,0.055984523,15.12713368,14.56252307,29.6034441,St. 48.0°S,PFZ
Winter2017,28,IO05,5,09/07/2017,07:11:00,5_Pig-6,-48.0,30.0,150,BELOW,6.7046,34.2893,0.0572,0.007371267,0.006354763,0.003810178,0.0,0.001274447,0.004084211,0.016428762,0.015367218,0.002509155,0.0,0.0063,0.0056,0.0,0.0,0.0027,0.0038,0.0055,0.0011,0.0032,0.0005,0.0109,0.0009,0,0.0003,0.0,0.0007,0.001,0.0,0.0176,0.0176,0.0,0.0572,0.0572,0.0009,0.0007,0.0,0.0036,0.75,0.25,0.0009,0.0164,0.054878049,0.015734266,0.062937063,0.0,23.52504567,23.54433579,1.75,9.173020675,13.45390617,0.389606263,5.2417261,-4.474954333,-14.35202499,0.1,4.658253407,0.650424825,0.2,0.217560976,0.10008955762909993,0.39,0.03831359672916,34.65,32.59,0.90566258563957,1.272771306,0.02273188853571,418.6707717,7.883838369831618,4.771214616,29.179770842337863,0.809976153,0.9,31.10151140274978,6.860183644,1.428168383,76.82323829866554,26.110605166067458,0.03310461085298276,9.289436410533634,1.8115137034650332e-05,0.0028386588535431164,0.0015612413908092408,0.33176351537090004,0.01353903627084,0.00029991536043,0.00232791446429,1.428168383e-06,0.00082833766214,0.00048557725022000005,0.431853073,0.051852633,0.905962501,0.025059803,7.883839798,29.18059918,31.10199698,St. 48.0°S,PFZ
Winter2017,17,IO04,4,08/07/2017,11:34:00,4_Pig-1,-50.59,29.99,10,IN,1.77302,33.7714,0.085,0.03468515,0.020577786,0.004376924,0.003961728,0.0065765,0.002077022,0.012496417,0.000248471,0.0,0.0,0.0102,0.0115,0.0,0.0017,0.005,0.0063,0.0106,0.0,0.0013,0.0002,0.0137,0.0015,0,0.0009,0.0,0.0007,0.0,0.0,0.0084,0.0084,0.0,0.085,0.085,0.0011,0.0007,0.0,0.0061,0.819672131,0.180327869,0.0015,0.0243,0.061728395,0.017647059,0.071764706,0.0,26.07805949,26.31,1.9,24.15,13.84736842,0.917901938,12.71052632,-4.32194051,-1.92805949,0.316,7.154421674,0.877442915,,,,,,,,,,,,,,,,,,,,,,,,,,,,,,,,,,,,,,,,,St. 50.6°S,AAZ
Winter2017,18,IO04,4,08/07/2017,11:34:00,4_Pig-2,-50.59,29.99,25,IN,1.7909,33.7689,0.0911,0.03845986,0.021388612,0.004972494,0.004891949,0.006566031,0.002237822,0.012326243,0.000256987,0.0,0.0,0.0107,0.0123,0.0,0.0021,0.0052,0.0066,0.0128,0.0,0.0013,0.0002,0.0147,0.0017,0,0.0009,0.0,0.0007,0.0,0.0,0.008,0.008,0.0,0.0911,0.0911,0.0011,0.0008,0.0,0.0063,0.825396825,0.174603175,0.0017,0.0275,0.061818182,0.018660812,0.069154775,0.0,26.17615094,26.41871468,1.905665258,25.11216243,13.86325041,0.950544443,13.17763564,-4.31449319,-1.063988512,0.302,3.580362564,0.51529502,0.14,0.033170732,0.0,0.32,0.008190597734279999,34.63,35.71,0.7138145039498099,2.203387759,0.10515473761043,517.6740366,17.68398895969976,6.473011766,24.10394344586138,1.58037469,1.6,34.11675514791874,16.26304714,0.650300239,100.0,42.944309251040934,0.01912778851411115,0.9979683792530956,3.677338956545564e-06,0.0015647573916978542,0.0006480705665115912,0.129797882,0.0061648462657200006,0.00013656305019,0.00105998938957,6.50300239e-07,0.00037717413862,0.00022110208126000002,0.129797882,0.014355444,0.713951067,0.106214727,17.68398961,24.10432062,34.11697625,St. 50.6°S,AAZ
Winter2017,19,IO04,4,08/07/2017,11:34:00,4_Pig-3,-50.59,29.99,50,IN,1.7905,33.7735,0.1265,0.039016506,0.033253641,0.01173628,0.005840117,0.009714139,0.007653169,0.01915081,0.000135332,0.0,0.0,0.0174,0.0191,0.0,0.0025,0.0054,0.0126,0.0197,0.0,0.0021,0.0003,0.0272,0.0028,0,0.0013,0.0,0.0008,0.0,0.0,0.0116,0.0116,0.0,0.1265,0.1265,0.0023,0.001,0.0,0.0077,0.701298701,0.298701299,0.0028,0.0469,0.059701493,0.022134387,0.060869565,0.0,26.33756594,26.58190022,1.865580476,26.94150234,14.24859478,1.013528082,14.44135093,-3.511721668,0.603936398,0.235,3.397562363,0.461243095,0.11,0.045853659,,0.34,,35.76,32.64,,2.730676405,,509.6617984,,6.365050405,,1.526785995,1.55,,,,,,,,,,,,,,,,,,,,,,,,,St. 50.6°S,AAZ
Winter2017,20,IO04,4,08/07/2017,11:34:00,4_Pig-4,-50.59,29.99,75,IN,1.777,33.774,0.121,0.043393665,0.022294325,0.014263236,0.006068836,0.008324929,0.010486326,0.015838842,0.00032984,0.0,0.0,0.0125,0.0166,0.0,0.0026,0.0048,0.0115,0.0176,0.0,0.0018,0.0002,0.0252,0.0025,0,0.0011,0.0,0.0009,0.0,0.0,0.0084,0.0084,0.0,0.121,0.121,0.0012,0.0011,0.0,0.006,0.8,0.2,0.0025,0.0428,0.058411215,0.020661157,0.049586777,0.0,26.55737253,26.8105595,1.875498402,27.27408234,14.29516521,1.017288816,14.54231169,-3.450601899,0.716709809,0.27,3.000444684,0.445027515,,,0.07529732583109999,0.31,0.010140035024359999,34.69,32.11,0.83140614160497,3.52222,0.13122170417191,478.2480701,20.72643766049336,6.267197178,27.96167277614706,1.530416717,1.55,38.620945947741376,22.32247775,0.769506643,70.36165180833271,41.8407831876624,0.01943273982930781,0.9468098584573809,3.712681489387947e-06,0.0015961374440308918,0.0006774315849085111,0.17875639316890002,0.007294922975640001,0.00016159639503000002,0.00125429582809,7.69506643e-07,0.00044631385294000004,0.00026163225862,0.254053719,0.017434958,0.831567738,0.132476,20.72643843,27.96211909,38.62120758,St. 50.6°S,AAZ
Winter2017,21,IO04,4,08/07/2017,11:34:00,4_Pig-5,-50.59,29.99,100,IN,1.7303,33.7847,0.1326,0.038288572,0.033219181,0.016138569,0.0046586,0.009152009,0.012121823,0.018829188,0.00019205,0.0,0.0,0.0183,0.0196,0.0,0.002,0.0054,0.0151,0.0235,0.0,0.0021,0.0004,0.032,0.0031,0,0.0013,0.0,0.0008,0.0,0.0,0.0107,0.0107,0.0,0.1326,0.1326,0.0022,0.0013,0.0,0.0076,0.710526316,0.289473684,0.0031,0.0555,0.055855856,0.023378582,0.057315234,0.0,26.46301148,26.76400298,1.890665529,26.56,14.15586341,0.99237771,14.04796332,-3.787636982,0.096988517,0.219,5.874820264,0.839606565,0.1,0.043902439,,0.3,,31.65,30.44,,2.18865267,,468.3210586,,5.97658186,,1.428299286,1.39,,18.60730005,,,,,,,,,,,,,,,,0.240159162,0.021608085,0.969982337,0.114888982,21.16420347,39.60033365,58.98665714,St. 50.6°S,AAZ
Winter2017,22,IO04,4,08/07/2017,11:34:00,4_Pig-6,-50.59,29.99,150,BELOW,1.4316,34.0171,0.0083,0.005204257,0.002111309,0.000449406,1.29e-06,2.93e-05,0.000504431,0.0,0.0,0.0,0.0,0.0011,0.001,0.0,0.0,0.0,0.0008,0.002,0.0,0.0,0.0,0.0014,0.0002,0,0.0,0.0,0.0,0.0,0.0,0.0,0.0,0.0,0.0083,0.0083,0.0,0.0,0.0,0.0,,,0.0002,0.0034,0.058823529,0.024096386,0.0,0.0,31.22831534,31.29205472,2.057657511,32.83821114,15.20761086,1.049410511,15.95902669,-1.694204837,1.6098958,0.065,2.622237371,0.34773405,0.14,0.07804878,0.1546396328042,0.35,0.02311499328792,35.85,35.78,0.61454132581334,3.546272765,0.04145083669402,664.2921817,9.052620650456255,5.982727817,13.03273469462732,1.3754355,1.31,56.56881843512636,8.237478568,0.270543746,28.897050439418326,9.987460593772182,0.009244119524995632,1.05267871961552,2.9885681545816266e-06,0.0012039950716662177,0.00016260676218978162,0.06284731219579999,0.00256475471208,5.681418666e-05,0.00044098630597999995,2.7054374599999997e-07,0.00015691537268,9.198487364e-05,0.217486945,0.025679748,0.61459814,0.041891823,9.052620921,13.03289161,56.56891042,St. 50.6°S,AAZ
Winter2017,11,IO03,3,07/07/2017,09:54:00,3_Pig-1,-53.5,30.0,10,IN,0.90249,33.8627,0.1026,0.01750299,0.021669011,0.006921956,0.007005466,0.007044009,0.00803676,0.034419806,0.0,0.0,0.0,0.0115,0.0128,0.0,0.003,0.0022,0.0098,0.0095,0.0011,0.004,0.0004,0.0169,0.0021,0,0.001,0.0,0.0005,0.0,0.0,0.0182,0.0182,0.0,0.1026,0.1026,0.001,0.001,0.0,0.0032,0.6875,0.3125,0.0021,0.0264,0.079545455,0.020467836,0.031189084,0.0,24.48217993,24.65,1.696245734,38.77478614,14.53209256,1.573013637,22.85917976,-2.65775181,14.29260621,0.22,5.931551361,0.75852868,,,,,,,,,,,,,,,,,,,,,,,,,,,,,,,,,,,,,,,,,St. 53.5°S,AAZ
Winter2017,12,IO03,3,07/07/2017,09:54:00,3_Pig-2,-53.5,30.0,25,IN,0.89797,33.8639,0.1118,0.022546178,0.025809461,0.006433195,0.008205131,0.00724575,0.007531508,0.034028776,0.0,0.0,0.0,0.0133,0.0143,0.0,0.0035,0.0023,0.0105,0.0107,0.0012,0.0039,0.0003,0.0181,0.0022,0,0.001,0.0,0.0,0.0,0.0,0.0193,0.0193,0.0,0.1118,0.1118,0.0026,0.001,0.0,0.0049,0.469387755,0.530612245,0.0022,0.0288,0.076388889,0.019677996,0.043828265,0.0,24.49083045,24.65,1.706450512,41.23201,14.4451889,1.672698174,24.16244111,-2.812377741,16.74117955,0.37,4.809536332,0.63961444,,,,,,,,,,,,,,,,,,,,,,,,,,,,,,,,,,,,,,,,,St. 53.5°S,AAZ
Winter2017,13,IO03,3,07/07/2017,09:54:00,3_Pig-3,-53.5,30.0,50,IN,0.89303,33.8656,0.1245,0.020267493,0.029902604,0.007984195,0.005182973,0.008588148,0.01362733,0.038947256,0.0,0.0,0.0,0.0159,0.0168,0.0,0.0022,0.0022,0.0148,0.0135,0.0014,0.0046,0.0005,0.0215,0.0026,0,0.0011,0.0,0.0,0.0,0.0,0.0203,0.0203,0.0,0.1245,0.1245,0.0017,0.0011,0.0,0.0039,0.564102564,0.435897436,0.0026,0.035,0.074285714,0.020883534,0.031325301,0.0,24.87948097,25.03,1.85,40.14,13.52972973,1.603675589,21.6972973,-4.720519031,15.26051903,0.28,4.721287959,0.63420925,,,,,,,,,,,,,,,,,,,,,,,,,,,,,,,,,,,,,,,,,St. 53.5°S,AAZ
Winter2017,14,IO03,3,07/07/2017,09:54:00,3_Pig-4,-53.5,30.0,75,IN,0.87355,33.874,0.1115,0.021043691,0.023169354,0.00819787,0.006551016,0.008129127,0.009974212,0.034434732,0.0,0.0,0.0,0.0125,0.0138,0.0,0.0028,0.0023,0.0112,0.0109,0.0013,0.004,0.0005,0.0189,0.0023,0,0.0012,0.0,0.0,0.0,0.0,0.0185,0.0185,0.0,0.1115,0.1115,0.001,0.0012,0.0,0.0033,0.696969697,0.303030303,0.0023,0.0298,0.077181208,0.020627803,0.029596413,0.0,27.51297165,27.68079172,1.935153584,39.49866114,14.30418338,1.426933938,20.41112472,-3.449485687,11.98568949,0.26,3.901838781,0.531510595,,,,,,,,,,,,,,,,,,,,,,,,,,,,,,,,,,,,,,,,,St. 53.5°S,AAZ
Winter2017,15,IO03,3,07/07/2017,09:54:00,3_Pig-5,-53.5,30.0,100,BELOW,0.85549,33.9486,0.0697,0.020622675,0.01480573,0.00291293,0.001373343,0.004876275,0.004124768,0.020984283,0.0,0.0,0.0,0.0076,0.0072,0.0,0.0006,0.0022,0.0059,0.0064,0.0006,0.0024,0.0002,0.0096,0.0014,0,0.0008,0.0,0.0,0.0,0.0,0.0116,0.0116,0.0,0.0697,0.0697,0.001,0.0009,0.0,0.0032,0.6875,0.3125,0.0014,0.016,0.0875,0.020086083,0.045911047,0.0,29.20530421,29.32987168,1.935153584,43.02305914,15.15635344,1.466868305,22.23237448,-1.757153132,13.81775494,0.2,4.759108691,0.747718295,,,,,,,,,,,,,,,,,,,,,,,,,,,,,,,,,,,,,,,,,St. 53.5°S,AAZ
Winter2017,16,IO03,3,07/07/2017,09:54:00,3_Pig-6,-53.5,30.0,150,BELOW,1.04232,34.1636,0.0093,0.004503501,0.002706958,0.000762682,0.0,0.0,0.000968685,0.000358174,0.0,0.0,0.0,0.0014,0.0011,0.0,0.0,0.0,0.0012,0.0017,0.0,0.0,0.0,0.002,0.0,0,0.0,0.0,0.0,0.0,0.0,0.0008,0.0008,0.0,0.0093,0.0093,0.0,0.0002,0.0,0.0,,,0.0,0.0037,0.0,0.0,0.0,0.0,33.79495972,33.79495972,2.105802048,52.31450614,16.04849789,1.547997292,24.84303128,0.102126955,18.51954642,0.03,3.693824759,0.4558379,,,,,,,,,,,,,,,,,,,,,,,,,,,,,,,,,,,,,,,,,St. 53.5°S,AAZ
Winter2017,7,IO02,2,07/07/2017,22:22:00,2_Pig-1,-56.0,30.0,10,IN,0.50352,33.9688,0.0885,0.049201145,0.024081723,0.000700173,0.004037448,0.003321505,0.003312253,0.001538006,0.002307746,0.0,0.0,0.0113,0.0118,0.0,0.0015,0.0046,0.0082,0.0135,0.0,0.0,0.0,0.0105,0.0018,0,0.0012,0.0,0.0,0.0005,0.0,0.0038,0.0038,0.0,0.0885,0.0885,0.001,0.0009,0.0,0.0056,0.821428571,0.178571429,0.0018,0.024,0.075,0.020338983,0.063276836,0.0,28.29304348,28.78,1.98,42.85,14.53535354,1.488881167,21.64141414,-3.386956522,14.55695652,0.19,2.899589401,0.3855704,,,,,,,,,,,,,,,,,,,,,,,,,,,,,,,,,,,,,,,,,St. 56.0°S,AAZ
Winter2017,8,IO02,2,07/07/2017,22:22:00,2_Pig-2,-56.0,30.0,25,IN,0.5011,33.9703,0.0938,0.049247357,0.027498305,0.001840058,0.004317754,0.003616313,0.005685808,0.001594406,0.0,0.0,0.0,0.0132,0.0135,0.0,0.0016,0.0044,0.0104,0.0166,0.0,0.0,0.0,0.0132,0.0022,0,0.0013,0.0,0.0,0.0,0.0,0.0035,0.0035,0.0,0.0938,0.0938,0.0015,0.001,0.0,0.0059,0.745762712,0.254237288,0.0022,0.0298,0.073825503,0.023454158,0.062899787,0.0,28.36000458,28.74261328,1.93485342,42.91176114,14.85518902,1.492966583,22.17830079,-2.597650139,14.55175656,0.24,2.87437558,0.36394963,0.03,0.048780488,0.3358737917992,0.37,0.015001376049919999,38.66,31.83,0.6961731916498399,4.192,0.11434634585352,768.1184132,16.633626452826903,7.345286419,29.868842089604318,1.968747401,2.0,47.99487214114736,16.70329295,0.697173096,32.53203964793383,30.58317670129771,0.02102574027508558,0.9840363730205288,4.191347381500012e-06,0.0013537683193879167,0.0004938812655910705,0.1619533102008,0.006609200950080001,0.00014640635016,0.00113639214648,6.97173096e-07,0.00040436039568,0.00023703885264000002,0.497827102,0.021610577,0.696319598,0.115482738,16.63362715,29.86924645,47.99510918,St. 56.0°S,AAZ
Winter2017,9,IO02,2,07/07/2017,22:22:00,2_Pig-4,-56.0,30.0,75,IN,0.5053,33.9706,0.1012,0.053318515,0.029583249,0.002065031,0.00431818,0.003616856,0.006703787,0.001594381,0.0,0.0,0.0,0.0144,0.0145,0.0,0.0016,0.005,0.0115,0.0192,0.0,0.0,0.0,0.0143,0.0024,0,0.0013,0.0,0.0,0.0,0.0,0.0035,0.0035,0.0,0.1012,0.1012,0.002,0.0011,0.0,0.007,0.714285714,0.285714286,0.0024,0.0335,0.071641791,0.023715415,0.06916996,0.0,28.11212636,28.51212636,2.008143322,43.24438414,14.1982527,1.516701476,21.53451084,-4.0181668,15.13225778,0.21,3.000444684,0.396380785,0.01,0.04195122,0.0458105627132,0.35,0.00933473331632,37.67,30.46,0.6951154310576401,3.384,0.09482796925692001,742.4499014,14.594796585824085,7.129486381,30.628207757968717,1.928664403,1.94,39.29561155018856,12.18627125,0.724175916,78.59685833155623,42.377908408812615,0.021873155384100014,1.2294830849758356,4.96187717183172e-06,0.0013713380641697166,0.0006265795567592212,0.1682260652868,0.00686518768368,0.00015207694236,0.0011804067430799998,7.24175916e-07,0.00042002203128,0.00024621981144,0.214036628,0.016199921,0.695267508,0.096008376,14.59479731,30.62862778,39.29585777,St. 56.0°S,AAZ
Winter2017,10,IO02,2,07/07/2017,22:22:00,2_Pig-5,-56.0,30.0,100,IN,0.5051,33.9704,0.0641,0.038754339,0.017178299,0.000594356,0.001613709,0.001937794,0.002832321,0.001189177,0.0,0.0,0.0,0.0082,0.0081,0.0,0.0006,0.0038,0.0061,0.0117,0.0,0.0,0.0,0.0076,0.0013,0,0.0007,0.0,0.0,0.0,0.0,0.0026,0.0026,0.0,0.0641,0.0641,0.0012,0.0007,0.0,0.005,0.76,0.24,0.0013,0.0193,0.067357513,0.020280811,0.07800312,0.0,28.5536524,28.9362611,1.985667752,45.57007,14.57255931,1.574843061,22.94949391,-3.217031635,17.0164176,0.24,5.017550354,0.80717541,0.02,0.03804878,0.1911638527673,0.34,0.00921015347548,37.13,30.94,0.5317439724947101,,0.09784802193513,759.3446746,10.044927570840452,7.229659921,11.95603000746158,1.934289705,2.0,34.55527385575334,8.310901043,0.299159549,26.661218531406618,23.54299132123645,0.011813219718613752,0.4958832884638829,2.9782150043452726e-06,0.001451234400031357,0.00029435144310312585,0.06949476323270001,0.0028360325245200004,6.282350529e-05,0.00048763006487,2.99159549e-07,0.00017351253842,0.00010171424666000001,0.260658616,0.012046186,0.531806796,0.098335652,10.04492787,11.95620352,34.55537557,St. 56.0°S,AAZ
Winter2017,1,IO01,1,06/07/2017,05:57:00,1_Pig-1,-58.51,30.0,10,IN,-0.06083,33.9998,0.072,0.033229415,0.019301428,0.002530374,0.002957884,0.00331999,0.006047948,0.001367995,0.003244962,0.0,0.0,0.0096,0.0101,0.0,0.0011,0.004,0.0084,0.013,0.0,0.0,0.0,0.0107,0.0016,0,0.0012,0.0,0.0,0.0007,0.0,0.0036,0.0036,0.0,0.072,0.072,0.0008,0.0008,0.0,0.0048,0.833333333,0.166666667,0.0016,0.0237,0.067510549,0.022222222,0.066666667,0.0,27.97869565,28.37,1.73,45.83,16.39884393,1.615438844,26.49132948,0.298695652,17.85130435,0.19,3.00674814,0.390975595,,,,,,,,,,,,,,,,,,,,,,,,,,,,,,,,,,,,,,,,,St. 58.5°S,AAZ
Winter2017,2,IO01,1,06/07/2017,05:57:00,1_Pig-2,-58.51,30.0,25,IN,-0.0621,34.0002,0.074,0.038678322,0.017750097,0.002202854,0.002706144,0.003345619,0.005298357,0.001260867,0.002757743,0.0,0.0,0.0089,0.0101,0.0,0.001,0.0041,0.0076,0.0141,0.0,0.0,0.0,0.0097,0.0015,0,0.0012,0.0,0.0,0.0006,0.0,0.0033,0.0033,0.0,0.074,0.074,0.001,0.0008,0.0,0.0051,0.803921569,0.196078431,0.0015,0.0238,0.06302521,0.02027027,0.068918919,0.0,28.21535712,28.5457919,1.781569966,46.78727,16.02282955,1.63902512,26.26182013,-0.289762337,18.57191288,0.18,3.208458707,0.38016521,0.04,0.048780488,0.0935168524784,0.3,0.0034975941878399985,33.82,35.92,0.45526762447568,3.078182497,0.07614362183504,689.0147814,8.540646388559407,6.718254405,7.2590556594566396,1.840805323,1.87,34.11739177019872,9.35907753,0.743440592,64.87209105021716,66.83302160683924,0.03428071666188281,1.5665457033333017,8.704733733987034e-06,0.005939752381575186,0.0007408770584488891,0.17270124952160001,0.007047816812160001,0.00015612252432,0.00121180816496,7.43440592e-07,0.00043119554336,0.00025276980128,0.266218102,0.010545411,0.455423747,0.07735543,8.540647132,7.259486855,34.11764454,St. 58.5°S,AAZ
Winter2017,3,IO01,1,06/07/2017,05:57:00,1_Pig-3,-58.51,30.0,50,IN,-0.061,34.0001,0.0735,0.036611747,0.01658478,0.002867114,0.003231155,0.003325557,0.006456934,0.001177865,0.003244846,0.0,0.0,0.0085,0.0099,0.0,0.0012,0.0037,0.0079,0.0132,0.0,0.0,0.0,0.01,0.0016,0,0.0012,0.0,0.0,0.0007,0.0,0.0032,0.0032,0.0,0.0735,0.0735,0.0008,0.0008,0.0,0.0045,0.822222222,0.177777778,0.0016,0.0232,0.068965517,0.021768707,0.06122449,0.0,28.12342929,28.46255972,1.764505119,45.61640114,16.13061895,1.602680911,25.85223508,-0.108652626,17.49297186,0.19,3.107603423,0.396380785,0.02,0.019512195,,0.3,,32.36,30.49,,3.115109897,,669.4761693,,6.525008392,,1.796561648,1.85,,,,,,,,,,,,,,,,,,,,,,,,,St. 58.5°S,AAZ
Winter2017,4,IO01,1,06/07/2017,05:57:00,1_Pig-4,-58.51,30.0,75,IN,-0.058,34.0005,0.0793,0.040083529,0.020158727,0.003607699,0.00269971,0.003614052,0.007632774,0.001503515,0.0,0.0,0.0,0.0103,0.0113,0.0,0.001,0.0054,0.0095,0.0159,0.0,0.0,0.0,0.0123,0.0017,0,0.0013,0.0,0.0,0.0,0.0,0.0033,0.0033,0.0,0.0793,0.0793,0.0015,0.0008,0.0,0.0069,0.782608696,0.217391304,0.0017,0.0282,0.060283688,0.021437579,0.087011349,0.0,28.28163257,28.64684996,1.798634812,44.73066614,15.92699628,1.561451476,24.86923184,-0.496524428,16.44903357,0.22,2.849161759,0.396380785,0.04,0.04195122,0.02143222921779997,0.32,0.0076434844392799985,35.12,34.31,0.88306889026606,3.718907234,0.11047233268418,726.9333888,13.981559632748885,6.910746273,,1.975206011,2.1,47.63375949462124,17.43236544,1.067251114,92.04311929145999,56.964846120761614,0.025373543166473573,1.5502977043122823,7.633275976121893e-06,,0.00076177614025846,0.24792243378220002,0.010117540560720001,0.00022412273394000002,0.0017396193158200001,1.067251114e-06,0.00061900564612,0.00036286537876000006,0.269354663,0.017761025,0.883293013,0.112211952,13.9815607,,47.63412236,St. 58.5°S,AAZ
Winter2017,5,IO01,1,06/07/2017,05:57:00,1_Pig-5,-58.51,30.0,100,IN,-0.0585,34.0005,0.097,0.046821128,0.024467892,0.003578814,0.003778488,0.004447617,0.00866985,0.001545186,0.003691023,0.0,0.0,0.0124,0.0136,0.0,0.0014,0.0048,0.0112,0.019,0.0,0.0,0.0,0.014,0.0021,0,0.0016,0.0,0.0,0.0008,0.0,0.0041,0.0041,0.0,0.097,0.097,0.002,0.0011,0.0,0.0068,0.705882353,0.294117647,0.0021,0.033,0.063636364,0.021649485,0.070103093,0.0,27.71565217,28.04,2.00326,53.34871614,13.99718459,1.9025933,26.63094962,-4.336507826,25.63306397,0.2,4.822143243,0.75852868,0.04,0.017560976,0.1810056690513,0.32,0.009127256353880002,33.44,34.49,0.59887870750151,,0.14988760503553,724.689515,9.547573393659532,6.621792379,27.90258902252798,1.971718573,1.85,46.96433509424054,10.35598116,0.748340469,48.99023871389425,43.73366920469371,0.02623407198900258,0.8072370806922758,7.838016839356427e-06,0.001555521317839602,0.0005417608500495289,0.1738394909487,0.00709426764612,0.00015715149849,0.00121979496447,7.483404689999999e-07,0.00043403747202,0.00025443575946,0.35484516,0.016221524,0.599035859,0.1511074,9.547574142,27.90302306,46.96458953,St. 58.5°S,AAZ
Winter2017,6,IO01,1,06/07/2017,05:57:00,1_Pig-6,-58.51,30.0,150,IN,-0.0311,34.0119,0.0913,0.044774131,0.022677267,0.004376299,0.002955955,0.004150979,0.010711951,0.001653427,0.0,0.0,0.0,0.012,0.0129,0.0,0.0011,0.0036,0.0118,0.0211,0.0,0.0,0.0,0.0142,0.0021,0,0.0015,0.0,0.0,0.0,0.0,0.0036,0.0036,0.0,0.0913,0.0913,0.0015,0.0009,0.0,0.0051,0.705882353,0.294117647,0.0021,0.0353,0.059490085,0.023001095,0.055859803,0.0,27.81574679,28.16357288,1.9104,49.63,14.74223874,1.762205392,25.9788526,-2.750653207,21.81425321,0.22,2.00449876,0.228819815,0.02,0.057560976,0.43451930395180005,0.33,0.00866183433768,35.15,34.91,0.95966911718786,3.57908202,0.12689997202958,755.7560697,13.610659937729467,7.004213336,,1.954377314,1.99,,18.75952088,1.152270534,38.11956569261824,55.77393124282276,0.025208252478015426,1.4584777269825064,8.465940973628341e-06,,,0.2676724450482,0.01092352466232,0.00024197681214,0.0018782009704199998,1.1522705339999998e-06,0.0006683169097199999,0.00039177198156,0.702191749,0.019585359,0.959911094,0.128778173,13.61066109,,,St. 58.5°S,AAZ
